{
    "utterances": [
        {
            "text": "Llama",
            "entities": [],
            "traits": [],
            "intent": "Left"
        },
        {
            "text": "bed",
            "entities": [],
            "traits": [],
            "intent": "one"
        },
        {
            "text": "down",
            "entities": [],
            "traits": [],
            "intent": "Down"
        },
        {
            "text": "draw",
            "entities": [],
            "traits": [],
            "intent": "Draw"
        },
        {
            "text": "east",
            "entities": [],
            "traits": [],
            "intent": "Right"
        },
        {
            "text": "eight",
            "entities": [],
            "traits": [],
            "intent": "eight"
        },
        {
            "text": "enter",
            "entities": [],
            "traits": [],
            "intent": "enter"
        },
        {
            "text": "five",
            "entities": [],
            "traits": [],
            "intent": "five"
        },
        {
            "text": "four",
            "entities": [],
            "traits": [],
            "intent": "four"
        },
        {
            "text": "left",
            "entities": [],
            "traits": [],
            "intent": "Left"
        },
        {
            "text": "nine",
            "entities": [],
            "traits": [],
            "intent": "nine"
        },
        {
            "text": "north",
            "entities": [],
            "traits": [],
            "intent": "Up"
        },
        {
            "text": "one",
            "entities": [],
            "traits": [],
            "intent": "one"
        },
        {
            "text": "paint",
            "entities": [],
            "traits": [],
            "intent": "Draw"
        },
        {
            "text": "reset",
            "entities": [],
            "traits": [],
            "intent": "Reset"
        },
        {
            "text": "right",
            "entities": [],
            "traits": [],
            "intent": "Right"
        },
        {
            "text": "seven",
            "entities": [],
            "traits": [],
            "intent": "seven"
        },
        {
            "text": "six",
            "entities": [],
            "traits": [],
            "intent": "six"
        },
        {
            "text": "south",
            "entities": [],
            "traits": [],
            "intent": "Down"
        },
        {
            "text": "three",
            "entities": [],
            "traits": [],
            "intent": "three"
        },
        {
            "text": "two",
            "entities": [],
            "traits": [],
            "intent": "two"
        },
        {
            "text": "up",
            "entities": [],
            "traits": [],
            "intent": "Up"
        },
        {
            "text": "west",
            "entities": [],
            "traits": [],
            "intent": "Left"
        },
        {
            "text": "zero",
            "entities": [],
            "traits": [],
            "intent": "zero"
        }
    ]
}
